Workbook

Sheet Pivot
A3: Row Labels | B3: Sum of Stok Awal | C3: Sum of Barang masuk | D3: Sum of Barang Keluar | E3: Sum of Stok Akhir
A4: Air Filter Primary | B4: 10 | C4: 0 | D4: 6 | E4: 4
A5: Baut 12mm | B5: 10 | C5: 0 | D5: 0 | E5: 10
A6: Engine Oil 15W40 | B6: 10 | C6: 50 | D6: 0 | E6: 60
A7: Fuel Filter Komatsu PC200 | B7: 10 | C7: 30 | D7: 0 | E7: 40
A8: Gear Oil SAE 90 | B8: 10 | C8: 0 | D8: 0 | E8: 10
A9: Grease EP2 | B9: 10 | C9: 0 | D9: 9 | E9: 1
A10: Hydraulic Hose 1 Inch | B10: 10 | C10: 0 | D10: 7 | E10: 3
A11: Hydraulic Oil ISO 68 | B11: 10 | C11: 0 | D11: 8 | E11: 2
A12: Kabel NYY 3x2.5mm | B12: 10 | C12: 0 | D12: 0 | E12: 10
A13: Kawat Las LB52 | B13: 10 | C13: 0 | D13: 0 | E13: 10
A14: Lampu LED Industrial | B14: 10 | C14: 0 | D14: 0 | E14: 10
A15: Masker Respirator | B15: 10 | C15: 0 | D15: 0 | E15: 10
... A26: Grand Total | B26: 220 | C26: 90 | D26: 37 | E26: 273

Sheet Daftar Rekap Barang
A1: Kode Barang | B1: Nama Barang | C1: Kategori | D1: Keterangan | E1: Stok Awal | F1: Barang masuk | G1: Barang Keluar | H1: Stok Akhir
A2: SP-ENG-001 | B2: Oil Filter CAT 320D | C2: Sparepart Engine | D2: Filter oli excavator | E2: 10 | F2: =SUMIF('Barang Masuk'!$D$2:$D$4,'Daftar Rekap Barang'!B2,'Barang Masuk'!$E$2:$E$4) -> 10 | G2: =SUMIF('Barang Keluar'!$C$2:$C$20,'Daftar Rekap Barang'!B2,'Barang Keluar'!$D$2:$D$20) -> 0 | H2: =E2+F2-G2 -> 20
A3: SP-ENG-002 | B3: Fuel Filter Komatsu PC200 | C3: Sparepart Engine | D3: Filter solar | E3: 10 | F3: =SUMIF('Barang Masuk'!$D$2:$D$4,'Daftar Rekap Barang'!B3,'Barang Masuk'!$E$2:$E$4) -> 30 | G3: =SUMIF('Barang Keluar'!$C$2:$C$20,'Daftar Rekap Barang'!B3,'Barang Keluar'!$D$2:$D$20) -> 0 | H3: =E3+F3-G3 -> 40
A4: SP-ENG-003 | B4: Air Filter Primary | C4: Sparepart Engine | D4: Filter udara utama | E4: 10 | F4: =SUMIF('Barang Masuk'!$D$2:$D$4,'Daftar Rekap Barang'!B4,'Barang Masuk'!$E$2:$E$4) -> 0 | G4: =SUMIF('Barang Keluar'!$C$2:$C$20,'Daftar Rekap Barang'!B4,'Barang Keluar'!$D$2:$D$20) -> 6 | H4: =E4+F4-G4 -> 4
A5: SP-HYD-001 | B5: Hydraulic Hose 1 Inch | C5: Sparepart Hydraulic | D5: Selang hidrolik | E5: 10 | F5: =SUMIF('Barang Masuk'!$D$2:$D$4,'Daftar Rekap Barang'!B5,'Barang Masuk'!$E$2:$E$4) -> 0 | G5: =SUMIF('Barang Keluar'!$C$2:$C$20,'Daftar Rekap Barang'!B5,'Barang Keluar'!$D$2:$D$20) -> 7 | H5: =E5+F5-G5 -> 3
A6: SP-TRK-001 | B6: Track Roller D85 | C6: Sparepart Undercarriage | D6: Roller bulldozer | E6: 10 | F6: =SUMIF('Barang Masuk'!$D$2:$D$4,'Daftar Rekap Barang'!B6,'Barang Masuk'!$E$2:$E$4) -> 0 | G6: =SUMIF('Barang Keluar'!$C$2:$C$20,'Daftar Rekap Barang'!B6,'Barang Keluar'!$D$2:$D$20) -> 7 | H6: =E6+F6-G6 -> 3
A7: OIL-ENG-001 | B7: Engine Oil 15W40 | C7: Oli & Pelumas | D7: Oli mesin diesel | E7: 10 | F7: =SUMIF('Barang Masuk'!$D$2:$D$4,'Daftar Rekap Barang'!B7,'Barang Masuk'!$E$2:$E$4) -> 50 | G7: =SUMIF('Barang Keluar'!$C$2:$C$20,'Daftar Rekap Barang'!B7,'Barang Keluar'!$D$2:$D$20) -> 0 | H7: =E7+F7-G7 -> 60
A8: OIL-HYD-001 | B8: Hydraulic Oil ISO 68 | C8: Oli & Pelumas | D8: Oli hidrolik | E8: 10 | F8: =SUMIF('Barang Masuk'!$D$2:$D$4,'Daftar Rekap Barang'!B8,'Barang Masuk'!$E$2:$E$4) -> 0 | G8: =SUMIF('Barang Keluar'!$C$2:$C$20,'Daftar Rekap Barang'!B8,'Barang Keluar'!$D$2:$D$20) -> 8 | H8: =E8+F8-G8 -> 2
A9: OIL-GRE-001 | B9: Grease EP2 | C9: Oli & Pelumas | D9: Gemuk alat berat | E9: 10 | F9: =SUMIF('Barang Masuk'!$D$2:$D$4,'Daftar Rekap Barang'!B9,'Barang Masuk'!$E$2:$E$4) -> 0 | G9: =SUMIF('Barang Keluar'!$C$2:$C$20,'Daftar Rekap Barang'!B9,'Barang Keluar'!$D$2:$D$20) -> 9 | H9: =E9+F9-G9 -> 1
A10: OIL-GEA-001 | B10: Gear Oil SAE 90 | C10: Oli & Pelumas | D10: Oli gardan | E10: 10 | F10: =SUMIF('Barang Masuk'!$D$2:$D$4,'Daftar Rekap Barang'!B10,'Barang Masuk'!$E$2:$E$4) -> 0 | G10: =SUMIF('Barang Keluar'!$C$2:$C$20,'Daftar Rekap Barang'!B10,'Barang Keluar'!$D$2:$D$20) -> 0 | H10: =E10+F10-G10 -> 10
A11: SAF-HELM-001 | B11: Safety Helmet | C11: Safety (K3) | D11: Helm proyek | E11: 10 | F11: =SUMIF('Barang Masuk'!$D$2:$D$4,'Daftar Rekap Barang'!B11,'Barang Masuk'!$E$2:$E$4) -> 0 | G11: =SUMIF('Barang Keluar'!$C$2:$C$20,'Daftar Rekap Barang'!B11,'Barang Keluar'!$D$2:$D$20) -> 0 | H11: =E11+F11-G11 -> 10
A12: SAF-VEST-001 | B12: Safety Vest | C12: Safety (K3) | D12: Rompi reflektif | E12: 10 | F12: =SUMIF('Barang Masuk'!$D$2:$D$4,'Daftar Rekap Barang'!B12,'Barang Masuk'!$E$2:$E$4) -> 0 | G12: =SUMIF('Barang Keluar'!$C$2:$C$20,'Daftar Rekap Barang'!B12,'Barang Keluar'!$D$2:$D$20) -> 0 | H12: =E12+F12-G12 -> 10
A13: SAF-BOOT-001 | B13: Safety Shoes | C13: Safety (K3) | D13: Sepatu safety | E13: 10 | F13: =SUMIF('Barang Masuk'!$D$2:$D$4,'Daftar Rekap Barang'!B13,'Barang Masuk'!$E$2:$E$4) -> 0 | G13: =SUMIF('Barang Keluar'!$C$2:$C$20,'Daftar Rekap Barang'!B13,'Barang Keluar'!$D$2:$D$20) -> 0 | H13: =E13+F13-G13 -> 10
... A23: CON-FUEL-001 | B23: Solar Industri | C23: Consumable | D23: Bahan bakar operasional | E23: 10 | F23: =SUMIF('Barang Masuk'!$D$2:$D$4,'Daftar Rekap Barang'!B23,'Barang Masuk'!$E$2:$E$4) -> 0 | G23: =SUMIF('Barang Keluar'!$C$2:$C$20,'Daftar Rekap Barang'!B23,'Barang Keluar'!$D$2:$D$20) -> 0 | H23: =E23+F23-G23 -> 10

Sheet Dashboard
A1: DASHBOARD INVENTORY WAREHOUSE
A3: STOK TERSEDIA | B3: =SUM('Daftar Rekap Barang'!H2:H23) -> 273
A5: STOK MASUK | B5: =SUM('Barang Masuk'!E2:E22) -> 90
A7: STOK KELUAR | B7: =SUM('Barang Keluar'!D2:D23) -> 37

Sheet Barang Masuk
A1: Kod e Barang | B1: Tanggal | C1: Kode Barang | D1: Nama Barang | E1: Jumlah barang | F1: Kategori | G1: Keterangan
B2: 46082 | C2: SP-ENG-001 | D2: =VLOOKUP(C2,'Daftar Rekap Barang'!$A$1:$D$23,2,0) -> Oil Filter CAT 320D | E2: 10 | F2: =VLOOKUP(C2,'Daftar Rekap Barang'!$A$1:$D$23,3,0) -> Sparepart Engine | G2: =VLOOKUP(C2,'Daftar Rekap Barang'!$A$1:$D$23,4,0) -> Filter oli excavator
B3: 01/032026 | C3: SP-ENG-002 | D3: =VLOOKUP(C3,'Daftar Rekap Barang'!$A$1:$D$23,2,0) -> Fuel Filter Komatsu PC200 | E3: 30 | F3: =VLOOKUP(C3,'Daftar Rekap Barang'!$A$1:$D$23,3,0) -> Sparepart Engine | G3: =VLOOKUP(C3,'Daftar Rekap Barang'!$A$1:$D$23,4,0) -> Filter solar
B4: 46083 | C4: OIL-ENG-001 | D4: =VLOOKUP(C4,'Daftar Rekap Barang'!$A$1:$D$23,2,0) -> Engine Oil 15W40 | E4: 50 | F4: =VLOOKUP(C4,'Daftar Rekap Barang'!$A$1:$D$23,3,0) -> Oli & Pelumas | G4: =VLOOKUP(C4,'Daftar Rekap Barang'!$A$1:$D$23,4,0) -> Oli mesin diesel

Sheet Barang Keluar
A1: Tanggal | B1: Kode Barang | C1: Nama Barang | D1: Jumlah barang | E1: Kategori | F1: Keterangan
A2: 46084 | B2: SP-ENG-003 | C2: =IFERROR(VLOOKUP(B2,'Daftar Rekap Barang'!A1:$D$23,2,0),"") -> Air Filter Primary | D2: 6 | E2: =IFERROR(VLOOKUP(B2,'Daftar Rekap Barang'!$A$1:$D$23,3,0),"") -> Sparepart Engine | F2: =IFERROR(VLOOKUP(B2,'Daftar Rekap Barang'!A1:D23,4,0),"") -> Filter udara utama
A3: 46084 | B3: SP-HYD-001 | C3: =IFERROR(VLOOKUP(B3,'Daftar Rekap Barang'!A2:$D$23,2,0),"") -> Hydraulic Hose 1 Inch | D3: 7 | E3: =IFERROR(VLOOKUP(B3,'Daftar Rekap Barang'!$A$1:$D$23,3,0),"") -> Sparepart Hydraulic | F3: =IFERROR(VLOOKUP(B3,'Daftar Rekap Barang'!A2:D24,4,0),"") -> Selang hidrolik
A4: 46085 | B4: SP-TRK-001 | C4: =IFERROR(VLOOKUP(B4,'Daftar Rekap Barang'!A3:$D$23,2,0),"") -> Track Roller D85 | D4: 7 | E4: =IFERROR(VLOOKUP(B4,'Daftar Rekap Barang'!$A$1:$D$23,3,0),"") -> Sparepart Undercarriage | F4: =IFERROR(VLOOKUP(B4,'Daftar Rekap Barang'!A3:D25,4,0),"") -> Roller bulldozer
A5: 46085 | B5: OIL-HYD-001 | C5: =IFERROR(VLOOKUP(B5,'Daftar Rekap Barang'!A4:$D$23,2,0),"") -> Hydraulic Oil ISO 68 | D5: 8 | E5: =IFERROR(VLOOKUP(B5,'Daftar Rekap Barang'!$A$1:$D$23,3,0),"") -> Oli & Pelumas | F5: =IFERROR(VLOOKUP(B5,'Daftar Rekap Barang'!A4:D26,4,0),"") -> Oli hidrolik
A6: 46088 | B6: OIL-GRE-001 | C6: =IFERROR(VLOOKUP(B6,'Daftar Rekap Barang'!A5:$D$23,2,0),"") -> Grease EP2 | D6: 9 | E6: =IFERROR(VLOOKUP(B6,'Daftar Rekap Barang'!$A$1:$D$23,3,0),"") -> Oli & Pelumas | F6: =IFERROR(VLOOKUP(B6,'Daftar Rekap Barang'!A5:D27,4,0),"") -> Gemuk alat berat
C7: =IFERROR(VLOOKUP(B7,'Daftar Rekap Barang'!A6:$D$23,2,0),"") | E7: =IFERROR(VLOOKUP(B7,'Daftar Rekap Barang'!$A$1:$D$23,3,0),"") | F7: =IFERROR(VLOOKUP(B7,'Daftar Rekap Barang'!A6:D28,4,0),"")
C8: =IFERROR(VLOOKUP(B8,'Daftar Rekap Barang'!A7:$D$23,2,0),"") | E8: =IFERROR(VLOOKUP(B8,'Daftar Rekap Barang'!$A$1:$D$23,3,0),"") | F8: =IFERROR(VLOOKUP(B8,'Daftar Rekap Barang'!A7:D29,4,0),"")
C9: =IFERROR(VLOOKUP(B9,'Daftar Rekap Barang'!A8:$D$23,2,0),"") | E9: =IFERROR(VLOOKUP(B9,'Daftar Rekap Barang'!$A$1:$D$23,3,0),"") | F9: =IFERROR(VLOOKUP(B9,'Daftar Rekap Barang'!A8:D30,4,0),"")
C10: =IFERROR(VLOOKUP(B10,'Daftar Rekap Barang'!A9:$D$23,2,0),"") | E10: =IFERROR(VLOOKUP(B10,'Daftar Rekap Barang'!$A$1:$D$23,3,0),"") | F10: =IFERROR(VLOOKUP(B10,'Daftar Rekap Barang'!A9:D31,4,0),"")
C11: =IFERROR(VLOOKUP(B11,'Daftar Rekap Barang'!A10:$D$23,2,0),"") | E11: =IFERROR(VLOOKUP(B11,'Daftar Rekap Barang'!$A$1:$D$23,3,0),"") | F11: =IFERROR(VLOOKUP(B11,'Daftar Rekap Barang'!A10:D32,4,0),"")
C12: =IFERROR(VLOOKUP(B12,'Daftar Rekap Barang'!A11:$D$23,2,0),"") | E12: =IFERROR(VLOOKUP(B12,'Daftar Rekap Barang'!$A$1:$D$23,3,0),"") | F12: =IFERROR(VLOOKUP(B12,'Daftar Rekap Barang'!A11:D33,4,0),"")
C13: =IFERROR(VLOOKUP(B13,'Daftar Rekap Barang'!A12:$D$23,2,0),"") | E13: =IFERROR(VLOOKUP(B13,'Daftar Rekap Barang'!$A$1:$D$23,3,0),"") | F13: =IFERROR(VLOOKUP(B13,'Daftar Rekap Barang'!A12:D34,4,0),"")
C14: =IFERROR(VLOOKUP(B14,'Daftar Rekap Barang'!A13:$D$23,2,0),"") | E14: =IFERROR(VLOOKUP(B14,'Daftar Rekap Barang'!$A$1:$D$23,3,0),"") | F14: =IFERROR(VLOOKUP(B14,'Daftar Rekap Barang'!A13:D35,4,0),"")
C15: =IFERROR(VLOOKUP(B15,'Daftar Rekap Barang'!A14:$D$23,2,0),"") | E15: =IFERROR(VLOOKUP(B15,'Daftar Rekap Barang'!$A$1:$D$23,3,0),"") | F15: =IFERROR(VLOOKUP(B15,'Daftar Rekap Barang'!A14:D36,4,0),"")
C16: =IFERROR(VLOOKUP(B16,'Daftar Rekap Barang'!A15:$D$23,2,0),"") | E16: =IFERROR(VLOOKUP(B16,'Daftar Rekap Barang'!$A$1:$D$23,3,0),"") | F16: =IFERROR(VLOOKUP(B16,'Daftar Rekap Barang'!A15:D37,4,0),"")
C17: =IFERROR(VLOOKUP(B17,'Daftar Rekap Barang'!A16:$D$23,2,0),"") | E17: =IFERROR(VLOOKUP(B17,'Daftar Rekap Barang'!$A$1:$D$23,3,0),"") | F17: =IFERROR(VLOOKUP(B17,'Daftar Rekap Barang'!A16:D38,4,0),"")
C18: =IFERROR(VLOOKUP(B18,'Daftar Rekap Barang'!A17:$D$23,2,0),"") | E18: =IFERROR(VLOOKUP(B18,'Daftar Rekap Barang'!$A$1:$D$23,3,0),"") | F18: =IFERROR(VLOOKUP(B18,'Daftar Rekap Barang'!A17:D39,4,0),"")
... C20: =IFERROR(VLOOKUP(B20,'Daftar Rekap Barang'!A19:$D$23,2,0),"") | E20: =IFERROR(VLOOKUP(B20,'Daftar Rekap Barang'!$A$1:$D$23,3,0),"") | F20: =IFERROR(VLOOKUP(B20,'Daftar Rekap Barang'!A19:D41,4,0),"")
